page	imdb	title	orig	en	year	group	cast	douban
3e563eef5ca38120aa50ee242849915c	tt17146978	小说家的电影	소설가의 영화	The Novelist's Film	2022	一起想看	Lee Hye-yeong, Kim Min-hee
3e563eef5ca38117ba1cf4f55d34140b	tt0087843	美国往事		Once Upon a Time in America	1984	一起想看	Robert De Niro, James Woods
3e563eef5ca381249f92d6454d83f274	tt0220644	枪火	鎗火	The Mission	1999	一起想看	Anthony Chau-Sang Wong, Francis Ng
3e563eef5ca38133b477cfd531117deb	tt0110912	低俗小说		Pulp Fiction	1994	一起想看	John Travolta, Uma Thurman
3e563eef5ca38152a886c7c9b955eccc	tt0072684	巴里·林登		Barry Lyndon	1975	一起想看	Ryan O'Neal, Marisa Berenson
3e563eef5ca381458dafd5aa0b8cdabe	tt0096908	悲情城市		A City of Sadness	1989	一起想看	Tony Leung Chiu-wai, Shu-Fen Hsin
3e563eef5ca381b5a2e8dad250a9755b	tt0156794	永恒和一日	Μία αιωνιότητα και μία μέρα	Eternity and a Day	1998	一起想看	Bruno Ganz, Isabelle Renauld
3e563eef5ca381ecb1dad863053ad969	tt0086022	乡愁	Ностальгия	Nostalgia	1983	一起想看	Oleg Yankovskiy, Erland Josephson
3e563eef5ca38112bcffc7172cb6e5ed	tt0069293	索拉里斯	Солярис	Solaris	1972	一起想看	Natalya Bondarchuk, Donatas Banionis
3e563eef5ca3813a9c24e57ef1b929f5	tt4772188	猫猫的奇幻漂流		Flow	2024	一起想看
3e563eef5ca381439739d815d8001f2f	tt0114863	尤利西斯的凝视	Το βλέμμα του Οδυσσέα	Ulysses' Gaze	1995	一起想看	Harvey Keitel, Maia Morgenstern
3e563eef5ca3811c8bc1d8d1854bc671	tt10883506	阳光普照	陽光普照	A Sun	2019	一起想看	Chien-Ho Wu, Chen Yiwen
3e563eef5ca38113bf06dab2bc59d435	tt0064165	生活的事	Les choses de la vie	The Things of Life	1970	一起想看	Michel Piccoli, Romy Schneider
3e563eef5ca3811c9f77d55184436cbc	tt0096332	布拉格之恋		The Unbearable Lightness of Being	1988	一起想看	Daniel Day-Lewis, Juliette Binoche
3e563eef5ca381e3b1e3f3d491e71e64	tt1863192	玉米岛	სიმინდის კუნძული	Corn Island	2014	一起想看	İlyas Salman, Mariam Buturishvili
3e563eef5ca381ed80a6caffe3230c58	tt0478160	大寂静	Die große Stille	Into Great Silence	2005	一起想看
3e563eef5ca381058963c5e7c959bb48	tt0087537	混沌		Kaos	1984	一起想看	Margarita Lozano, Orazio Torrisi
3e563eef5ca3812eb95cef1137e689bb	tt2852400	天注定		A Touch of Sin	2013	一起想看	Wu Jiang, Baoqiang Wang
3e563eef5ca3815b9e5ee161db45a310	tt0166924	穆赫兰道		Mulholland Drive	2001	一起想看	Naomi Watts, Laura Harring
3e563eef5ca381b49ab5ed21d72ef8e2	tt0258885	站台		Platform	2000	一起想看	Hongwei Wang, Tao Zhao
3e563eef5ca381ea96bdf76ca72d512b	tt0274558	时时刻刻		The Hours	2002	一起想看	Meryl Streep, Nicole Kidman
3e563eef5ca38185b696d7a0bbfd05df	tt0234837	苏州河		Suzhou River	2000	一起看过	Xun Zhou, Hongsheng Jia
3e563eef5ca38117a6f3e8a464e40a80	tt0110413	这个杀手不太冷	Léon	Léon: The Professional	1994	一起看过	Jean Reno, Gary Oldman
3e563eef5ca3817494a2ea818eadc079	tt0075686	安妮·霍尔		Annie Hall	1977	一起看过	Woody Allen, Diane Keaton
3e563eef5ca381d681fdc10c4fd4da25	tt4080598	百元之恋	百円の恋	100 Yen Love	2014	一起看过	Sakura Andô, Hirofumi Arai
3e563eef5ca381d8bccad97bf6ffd85a	tt0064451	侠女	俠女	A Touch of Zen	1971	一起看过	Feng Hsu, Chun Shih
3e563eef5ca3815c8278ce518252473c	tt4882964	只有我不在的街道	僕だけがいない街	Erased	2016	一起看过	Tatsuya Fujiwara, Kasumi Arimura
3e563eef5ca381cf9048e7e75b7c0ca0	tt0107156	喜宴	囍宴	The Wedding Banquet	1993	一起看过	Winston Chao, May Chin
3e563eef5ca381eaa0a9f79decffdff0	tt0130827	罗拉快跑	Lola rennt	Run Lola Run	1998	一起看过	Franka Potente, Moritz Bleibtreu
3e563eef5ca3812e9edff18135cee46e	tt0040525	上海小姐		The Lady from Shanghai	1947	一起看过	Rita Hayworth, Orson Welles
3e563eef5ca38126b072c60eeb4de3e9	tt11052808	82年生的金智英	82년생 김지영	Kim Ji-young: Born 1982	2019	一起看过	Jung Yu-mi, Gong Yoo
3e563eef5ca381959a2feb0529ac7fa6	tt12440140	东京贵族女子	あのこは貴族	Aristocrats	2020	一起看过	Mugi Kadowaki, Kiko Mizuhara
3e563eef5ca381c6bf72dffecb448291	tt9581076	地久天长		So Long, My Son	2019	一起看过	Jingchun Wang, Mei Yong
3e563eef5ca381fe9ae7c5ae44571d57	tt0245929	鬼子来了		Devils on the Doorstep	2000	一起看过	Wen Jiang, Kenya Sawada
3e563eef5ca3812ba3d0f8e90b2cb3e1	tt1299370	李米的猜想		The Equation of Love and Death	2008	一起看过	Xun Zhou, Chao Deng
3e563eef5ca3813595a8d1f67ee6de57	tt0090756	蓝丝绒		Blue Velvet	1986	一起看过	Isabella Rossellini, Kyle MacLachlan
3e563eef5ca381a4a8f7f8145484e531	tt2036416	那些年，我们一起追的女孩	那些年，我們一起追的女孩	You Are the Apple of My Eye	2011	一起看过	Kai Ko, Michelle Chen
3e563eef5ca38170bef5e0736b23fa61	tt7282468	燃烧	버닝	Burning	2018	一起看过	Yoo Ah-in, Steven Yeun	https://movie.douban.com/subject/26842702/
3e563eef5ca3819690f8ce06d339cd1b	tt26440619	红色天空	Roter Himmel	Afire	2023	一起看过	Thomas Schubert, Paula Beer
3e563eef5ca38117bab3ec66e315850f	tt0069947	豺狼的日子		The Day of the Jackal	1973	一起看过	Edward Fox, Terence Alexander
3e563eef5ca381cc984bd46a2a51844a	tt0038109	爱德华大夫		Spellbound	1945	一起看过	Ingrid Bergman, Gregory Peck
3e563eef5ca381cabaade63cec278080	tt32880592	在溪边	수유천	By the Stream	2024	一起看过	Kwon Hae-hyo, Kim Min-hee
3e563eef5ca381a0a39dc30ef7dd2cd8	tt0108394	蓝	Trois couleurs: Bleu	Three Colors: Blue	1993	一起看过	Juliette Binoche, Zbigniew Zamachowski
3e563eef5ca38165a9a6d93b6526cc27	tt0244316	一一		Yi Yi	2000	一起看过	Nien-Jen Wu, Elaine Jin
3e563eef5ca38105bcaaf8e4333d5a46	tt7010412	大佛普拉斯		The Great Buddha+	2017	一起看过	Cres Chuang, Bamboo Chu-Sheng Chen
3e563eef5ca3815a9f15d5cceb52e0a8	tt0084248	烈火青春		Nomad	1982	一起看过	Patricia Ha, Kent Tong
3e563eef5ca381fdb5aacb891aa38f7f	tt0102926	沉默的羔羊		The Silence of the Lambs	1991	一起看过	Jodie Foster, Anthony Hopkins
3e563eef5ca381c19005ed68910cdb3a	tt4613272	路边野餐		Kaili Blues	2015	一起看过	Yongzhong Chen, Feiyang Luo
3e563eef5ca38109800cffb46daf14e1	tt0769507	太阳照常升起		The Sun Also Rises	2007	一起看过	Wen Jiang, Joan Chen
3e563eef5ca381929d7bdcd276f833f7	tt0117151	南国再见，南国	南國再見，南國	Goodbye South, Goodbye	1996	我自己看的	King Jieh-Wen, Kuei-Ying Hsu
3e563eef5ca381fca130e4297cf731f0	tt0070917	异教徒		The Wicker Man	1973	我自己看的	Edward Woodward, Christopher Lee
3e563eef5ca3819d9254d30ace49217a	tt0117905	甜蜜蜜		Comrades: Almost a Love Story	1996	我自己看的	Maggie Cheung, Leon Lai
3e563eef5ca381428553ddd0692e5210	tt33095194	里斯本丸沉没		The Sinking of the Lisbon Maru	2023	我自己看的	Fang Li
3e563eef5ca3811b8835f775522a4760	tt0190332	卧虎藏龙	臥虎藏龍	Crouching Tiger, Hidden Dragon	2000	我自己看的	Chow Yun-Fat, Michelle Yeoh
3e563eef5ca381b1bc17cab0ef90c80a	tt1479138	我的团长我的团		My Chief & My Regiment	2009	我自己看的	Wang Wang, Fredrik Jörnebo
3e563eef5ca38196874ad671c25af6e0	tt0189219	小城之春		Spring in a Small Town	1948	我自己看的	Chaoming Cui, Wei Li
3e563eef5ca3818fbfc0f2bf097f021d	tt0043139	我这一辈子		Life of a Beijing Policeman	1950	我自己看的	Hui Shi, Heling Wei
3e563eef5ca381e5b104e5cc14a0a190	tt8875366	过春天		The Crossing	2018	我自己看的	Yao Huang, Sunny Sun
3e563eef5ca381eeb17de4b37970a545	tt28350709	但愿人长久		Fate of the Moonlight	2025	我自己看的	Yajia Lian, Haipeng Xu
3e563eef5ca3810d9f64c1e0074d5c13	tt29002950	狂野时代		Resurrection	2025	我自己看的	Jackson Yee, Shu Qi
3e563eef5ca3810394eff71660a1052a	tt0085533	风柜来的人	風櫃來的人	The Boys from Fengkuei	1983	我自己看的	Doze Niu, Shih Chang
3e563eef5ca38105b6f0d861a1873361	tt0244316	一一		Yi Yi	2000	我自己看的	Nien-Jen Wu, Elaine Jin
3e563eef5ca38122aa56fda4b1a07278	tt6412864	独自在夜晚的海边	밤의 해변에서 혼자	On the Beach at Night Alone	2017	我自己看的	Kim Min-hee, Seo Young-hwa
3e563eef5ca3812eb57dd2dbc9321068	tt0071324	忠烈图	忠烈圖	The Valiant Ones	1974	我自己看的	Feng Hsu, Ying Bai
3e563eef5ca38185847ad33378237c3b	tt0093342	何处是我朋友的家	خانه دوست کجاست؟	Where Is the Friend's House?	1987	我自己看的	Babek Ahmedpoor, Ahmed Ahmedpoor
3e563eef5ca381ca8dabf22c32206fe1	tt0192213	空山灵雨	空山靈雨	Raining in the Mountain	1979	我自己看的	Feng Hsu, Yueh Sun
3e563eef5ca38190b3e6c6af95478d23	tt0060635	龙门客栈	龍門客棧	Dragon Inn	1967	我自己看的	Polly Ling-Feng Shang-Kuan, Chun Shih
3e563eef5ca3817ebb7ec7e7a3ecd353	tt0443680	刺杀骗子罗伯特·福特		The Assassination of Jesse James by the Coward Robert Ford	2007	我自己看的	Brad Pitt, Casey Affleck
3e563eef5ca3811bba57f00e6156cb4c	tt0102816	阮玲玉		Center Stage	1991	我自己看的	Maggie Cheung, Chin Han
3e563eef5ca38116bde9d04568fddef9	tt5753856	暗黑	Dark	Dark	2017	我自己看的	Louis Hofmann, Karoline Eichhorn
3e563eef5ca3812caab2f30664056b2b	tt0210916	那山那人那狗		Postmen in the Mountains	1999	我自己看的	Rujun Teng, Ye Liu	https://movie.douban.com/subject/1307766/
3e563eef5ca3816e8a14cdf83382166d	tt0110340	梁祝		The Lovers	1994	我自己看的	Nicky Wu, Charlie Yeung	https://movie.douban.com/subject/1310159/
3e563eef5ca3812794acd9c78121110a	tt33764258	奥德赛		The Odyssey	2026	我自己看的	Matt Damon, Tom Holland
